spacing_bin,next_p_recall
<1m,0.8720608919787234
1-5m,0.8950495956295687
5-30m,0.92368078218891
30m-1h,0.90472036559772
1-4h,0.9088690201867219
4-24h,0.9022621710979866
